{"==":"org.bukkit.Location","world":"Survival","x":86.0004526883365,"y":82.5,"z":-22.860693974351,"pitch":32.214287,"yaw":157.78789}