{"==":"org.bukkit.Location","world":"Creative","x":1865.4508677022088,"y":6.770066222041675,"z":27.90292517768233,"pitch":13.65346,"yaw":84.65039}