{"==":"org.bukkit.Location","world":"Survival","x":1199.8782938970253,"y":82.186898717363,"z":1540.7404687776798,"pitch":52.05548,"yaw":124.92347}