{"==":"org.bukkit.Location","world":"Survival","x":1250.4164623920492,"y":105.10355511506334,"z":1170.7212999175472,"pitch":48.4035,"yaw":154.0346}