{"==":"org.bukkit.Location","world":"Creative","x":800033.6409088752,"y":5.757867536327223,"z":800066.5328682188,"pitch":55.052437,"yaw":119.6814}