{"==":"org.bukkit.Location","world":"Survival","x":1199.0158857013682,"y":83.20884391539461,"z":1550.2110397408492,"pitch":53.400017,"yaw":211.09521}